alert_id,turbine_id,recorded_at,severity,rule_name,message,metric_name,metric_value,threshold,source_event_id,alert_ts
7d8e2b30-14a6-47e7-a515-400c889bc9a2,turbine-03,2026-03-16 20:11:29.453865+00,WARNING,low_power_output,Low power 47 kW at wind speed 9.5 m/s — possible curtailment or underperformance,power_output_kw,47.4,50,6933dcf2-ebf1-4810-b9cc-b89483dd57aa,2026-03-16 20:11:30.293938+00
6b38d772-20b2-481b-9fd4-04ed7a54a5af,turbine-09,2026-03-16 20:11:29.453865+00,WARNING,low_power_output,Low power 34 kW at wind speed 10.1 m/s — possible curtailment or underperformance,power_output_kw,33.6,50,58c12a77-2995-4068-8442-6faeb45dfcf1,2026-03-16 20:11:30.298929+00
38eb5c42-ddd2-4f01-b3a4-de3d7e87f2ea,turbine-05,2026-03-16 20:11:29.453865+00,WARNING,low_power_output,Low power 0 kW at wind speed 6.2 m/s — possible curtailment or underperformance,power_output_kw,0,50,1df0b599-d48d-4870-bc01-39c894241eb4,2026-03-16 20:11:30.31142+00
a7664266-f28b-42fe-8355-05bd5c5bbe1c,turbine-05,2026-03-16 20:11:30.453976+00,WARNING,low_power_output,Low power 30 kW at wind speed 5.9 m/s — possible curtailment or underperformance,power_output_kw,29.8,50,10fac3ba-4aa2-4ca1-9852-913d61b8c3a3,2026-03-16 20:11:30.503423+00
fca42b9a-9225-4ad1-84a2-144701b6b8ef,turbine-01,2026-03-16 20:11:29.453865+00,WARNING,low_power_output,Low power 28 kW at wind speed 10.6 m/s — possible curtailment or underperformance,power_output_kw,28.5,50,6b07e971-01a1-4e4a-a3ed-18b2a74351cd,2026-03-16 20:11:30.316898+00
fce1d0da-9f35-493e-9c4c-7d82c18da55b,turbine-04,2026-03-16 20:11:29.453865+00,WARNING,low_power_output,Low power 29 kW at wind speed 9.0 m/s — possible curtailment or underperformance,power_output_kw,28.9,50,4be5e58f-265e-46c2-8939-11acaf7f0f5a,2026-03-16 20:11:30.321212+00
0491f8ca-02c3-46cf-8827-4a7b8d7548e0,turbine-06,2026-03-16 20:11:29.453865+00,WARNING,low_power_output,Low power 15 kW at wind speed 7.2 m/s — possible curtailment or underperformance,power_output_kw,15.1,50,5e2956f9-82b6-4f07-830e-a6750bdcbd9c,2026-03-16 20:11:30.32607+00
4e83569d-cb5a-444e-88f6-579dc1acbad6,turbine-10,2026-03-16 20:11:29.453865+00,WARNING,low_power_output,Low power 32 kW at wind speed 10.8 m/s — possible curtailment or underperformance,power_output_kw,32.5,50,24d5861a-3f37-4878-96c3-1ba319cf181a,2026-03-16 20:11:30.33146+00
70d79810-308a-40ac-ab63-e8cbea163d28,turbine-07,2026-03-16 20:11:29.453865+00,WARNING,low_power_output,Low power 1 kW at wind speed 5.6 m/s — possible curtailment or underperformance,power_output_kw,1.4,50,c7839639-0a8a-47ee-aff0-8ed63a9fc32a,2026-03-16 20:11:30.256359+00
1c01f289-217a-4182-8e6b-e748ba6835ee,turbine-11,2026-03-16 20:11:29.453865+00,WARNING,low_power_output,Low power 34 kW at wind speed 10.6 m/s — possible curtailment or underperformance,power_output_kw,34.3,50,d8bf0a86-4058-4b61-a368-278097af17fb,2026-03-16 20:11:30.283555+00
8f4d45f9-b891-4f20-8921-1424f0866aa4,turbine-12,2026-03-16 20:11:29.453865+00,WARNING,low_power_output,Low power 20 kW at wind speed 9.4 m/s — possible curtailment or underperformance,power_output_kw,19.5,50,d0291f16-f103-45fe-a6c0-4a4cc8813bf4,2026-03-16 20:11:30.288594+00
d14909a4-90f5-4f97-a110-4015ac09ef87,turbine-02,2026-03-16 20:11:29.453865+00,WARNING,low_power_output,Low power 4 kW at wind speed 8.6 m/s — possible curtailment or underperformance,power_output_kw,3.6,50,1e19d6a8-cf2e-420d-9ae4-53c8eb0501a6,2026-03-16 20:11:30.303291+00
db868b5e-da92-4f65-a031-14f89d285187,turbine-02,2026-03-16 20:11:29.453865+00,CRITICAL,power_dropout,CRITICAL: Power dropout — 3.6 kW at wind 8.6 m/s with RPM 2.8,power_output_kw,3.6,5,1e19d6a8-cf2e-420d-9ae4-53c8eb0501a6,2026-03-16 20:11:30.303491+00
3b12735d-8ebe-4501-b9dc-6d21f22d4723,turbine-08,2026-03-16 20:11:29.453865+00,WARNING,low_power_output,Low power 0 kW at wind speed 6.9 m/s — possible curtailment or underperformance,power_output_kw,0,50,200c2bd7-95e5-46d5-8625-8162656ec33d,2026-03-16 20:11:30.308036+00
2ca8c46b-b779-4616-abf3-23314a357ced,turbine-08,2026-03-16 20:11:30.453976+00,WARNING,low_power_output,Low power 42 kW at wind speed 7.6 m/s — possible curtailment or underperformance,power_output_kw,42,50,ab2db0e2-99d7-4a34-b821-c370d95c47b9,2026-03-16 20:11:30.499163+00
44827c0e-f47a-4047-b769-19a9527619c5,turbine-07,2026-03-16 20:11:30.453976+00,WARNING,low_power_output,Low power 22 kW at wind speed 5.8 m/s — possible curtailment or underperformance,power_output_kw,22.4,50,3f09010f-857a-4140-9188-781ebe22a9d5,2026-03-16 20:11:30.519138+00
31e6a510-394c-4a94-8c80-1d67990a5115,turbine-07,2026-03-16 20:11:31.454442+00,WARNING,low_power_output,Low power 39 kW at wind speed 6.0 m/s — possible curtailment or underperformance,power_output_kw,39.4,50,49083b43-0f06-4bd9-bb24-cc2e7dd5e8e4,2026-03-16 20:11:31.478719+00
13016dc3-2f56-44b5-a06b-e35a94392354,turbine-05,2026-03-16 20:11:31.454442+00,WARNING,low_power_output,Low power 33 kW at wind speed 5.8 m/s — possible curtailment or underperformance,power_output_kw,33.4,50,8dc06cc9-ea5d-49a3-83df-7dac534812e9,2026-03-16 20:11:31.515078+00
68a872bb-1772-4f11-b959-d73fdf19abc3,turbine-05,2026-03-16 20:11:32.454333+00,WARNING,vibration_warning,Vibration 10.24 mm/s RMS exceeds warning threshold 6.0 mm/s,vibration_mms,10.239,6,969b0d13-0a4a-4904-9703-f92873b9b9ad,2026-03-16 20:11:32.496891+00
878b871b-9329-41f1-b6f3-bc2232e5fc8c,turbine-05,2026-03-16 20:11:32.454333+00,CRITICAL,vibration_critical,CRITICAL: Vibration 10.24 mm/s — imminent mechanical failure risk,vibration_mms,10.239,9,969b0d13-0a4a-4904-9703-f92873b9b9ad,2026-03-16 20:11:32.497963+00
84f0bb2a-ecfe-443c-bf36-9023e5f9b248,turbine-05,2026-03-16 20:11:33.454483+00,WARNING,vibration_warning,Vibration 10.60 mm/s RMS exceeds warning threshold 6.0 mm/s,vibration_mms,10.6,6,34a7fba0-7cbf-44fe-ace4-542d427b1e8c,2026-03-16 20:11:33.514201+00
ee65c4bd-2a8b-4484-9b73-844b9d55255e,turbine-05,2026-03-16 20:11:33.454483+00,CRITICAL,vibration_critical,CRITICAL: Vibration 10.60 mm/s — imminent mechanical failure risk,vibration_mms,10.6,9,34a7fba0-7cbf-44fe-ace4-542d427b1e8c,2026-03-16 20:11:33.514314+00
d14c66e4-e9e7-4280-816c-6e61fe99ae5c,turbine-05,2026-03-16 20:11:34.45465+00,WARNING,vibration_warning,Vibration 7.16 mm/s RMS exceeds warning threshold 6.0 mm/s,vibration_mms,7.156,6,1c26079f-e7aa-4c79-8b1f-8c34a3b977bb,2026-03-16 20:11:34.482552+00
843ea8b1-2f4e-4d74-8366-dc759f3dc86e,turbine-05,2026-03-16 20:11:35.45512+00,WARNING,vibration_warning,Vibration 9.89 mm/s RMS exceeds warning threshold 6.0 mm/s,vibration_mms,9.895,6,3c752483-14ad-4d19-ad95-52f721c7a179,2026-03-16 20:11:35.479589+00
f04cf450-9dab-4fc2-9042-a58124b6ca10,turbine-05,2026-03-16 20:11:35.45512+00,CRITICAL,vibration_critical,CRITICAL: Vibration 9.89 mm/s — imminent mechanical failure risk,vibration_mms,9.895,9,3c752483-14ad-4d19-ad95-52f721c7a179,2026-03-16 20:11:35.479771+00
3c092315-25a0-4182-9e44-8970ffbbd2b1,turbine-09,2026-03-16 20:11:35.45512+00,CRITICAL,unplanned_downtime,"CRITICAL: Unplanned downtime — RPM=0.00, power=0 kW while wind=14.0 m/s",rotor_rpm,0,0.1,5a5f7cf1-d278-44ca-a1c5-48a23f9ea644,2026-03-16 20:11:35.511999+00
27950875-022b-4c38-b8b4-b40208a95c11,turbine-05,2026-03-16 20:11:36.455395+00,WARNING,vibration_warning,Vibration 10.12 mm/s RMS exceeds warning threshold 6.0 mm/s,vibration_mms,10.124,6,c54cfe2e-ed1e-4db4-bdc2-0178346eaae8,2026-03-16 20:11:36.476421+00
8f85d7c2-f721-4463-864f-d2562dd77087,turbine-05,2026-03-16 20:11:36.455395+00,CRITICAL,vibration_critical,CRITICAL: Vibration 10.12 mm/s — imminent mechanical failure risk,vibration_mms,10.124,9,c54cfe2e-ed1e-4db4-bdc2-0178346eaae8,2026-03-16 20:11:36.47655+00
e6c0d451-1eb1-43c3-bee0-8c520536ab25,turbine-09,2026-03-16 20:11:36.455395+00,CRITICAL,unplanned_downtime,"CRITICAL: Unplanned downtime — RPM=0.00, power=0 kW while wind=9.2 m/s",rotor_rpm,0,0.1,53386750-5f85-4fe9-9436-4b89c34419e1,2026-03-16 20:11:36.490664+00
df33f0b2-a980-4697-bab8-8a85eb661688,turbine-09,2026-03-16 20:11:37.455516+00,CRITICAL,unplanned_downtime,"CRITICAL: Unplanned downtime — RPM=0.00, power=0 kW while wind=14.6 m/s",rotor_rpm,0,0.1,3bf0740e-e4ae-4345-a006-f058603a4556,2026-03-16 20:11:37.468608+00
99c7a2c4-2684-48b4-bbdd-64e247b5ff67,turbine-05,2026-03-16 20:11:37.455516+00,WARNING,vibration_warning,Vibration 10.13 mm/s RMS exceeds warning threshold 6.0 mm/s,vibration_mms,10.13,6,b3470a01-9788-4792-8323-589b31c78faa,2026-03-16 20:11:37.485792+00
5c233d9d-9ae0-4961-9907-2b9a2890e40c,turbine-05,2026-03-16 20:11:37.455516+00,CRITICAL,vibration_critical,CRITICAL: Vibration 10.13 mm/s — imminent mechanical failure risk,vibration_mms,10.13,9,b3470a01-9788-4792-8323-589b31c78faa,2026-03-16 20:11:37.485904+00
ec5d1f9f-7f72-4d21-8112-c9c6afcb8cb2,turbine-05,2026-03-16 20:11:38.455744+00,WARNING,vibration_warning,Vibration 9.61 mm/s RMS exceeds warning threshold 6.0 mm/s,vibration_mms,9.606,6,821e4863-8ea2-41d5-b3bd-b326f203a9cd,2026-03-16 20:11:38.468745+00
61cf878c-514d-45ba-9cda-1ff2f8528510,turbine-05,2026-03-16 20:11:38.455744+00,CRITICAL,vibration_critical,CRITICAL: Vibration 9.61 mm/s — imminent mechanical failure risk,vibration_mms,9.606,9,821e4863-8ea2-41d5-b3bd-b326f203a9cd,2026-03-16 20:11:38.46896+00
aedce973-3f1b-4349-acfd-41e1732c1d57,turbine-09,2026-03-16 20:11:38.455744+00,CRITICAL,unplanned_downtime,"CRITICAL: Unplanned downtime — RPM=0.00, power=0 kW while wind=10.2 m/s",rotor_rpm,0,0.1,5ae3850c-0adf-4304-8481-d80d705c628b,2026-03-16 20:11:38.484591+00
61612da2-214f-459d-984b-d2cf42d0cd6a,turbine-05,2026-03-16 20:11:39.455873+00,WARNING,vibration_warning,Vibration 8.03 mm/s RMS exceeds warning threshold 6.0 mm/s,vibration_mms,8.027,6,50b6f974-7312-43ff-bf92-36e845d22889,2026-03-16 20:11:39.465795+00
f78f4066-c160-4393-a184-723569f0e4ac,turbine-09,2026-03-16 20:11:39.455873+00,CRITICAL,unplanned_downtime,"CRITICAL: Unplanned downtime — RPM=0.00, power=0 kW while wind=13.3 m/s",rotor_rpm,0,0.1,83f70bd5-5389-45bc-9684-43ca678bc6ad,2026-03-16 20:11:39.484036+00
f7836a6c-17b4-49e3-ae0b-50852ac4adf4,turbine-09,2026-03-16 20:11:40.456008+00,CRITICAL,unplanned_downtime,"CRITICAL: Unplanned downtime — RPM=0.00, power=0 kW while wind=13.1 m/s",rotor_rpm,0,0.1,60c28c7b-302e-4e58-b3da-dd6f2b3298f6,2026-03-16 20:11:40.475348+00
d4fed8dc-c834-4b80-b35b-f8d554a10758,turbine-05,2026-03-16 20:11:40.456008+00,WARNING,vibration_warning,Vibration 8.21 mm/s RMS exceeds warning threshold 6.0 mm/s,vibration_mms,8.207,6,29560833-ffeb-4271-aff9-a43658ac458a,2026-03-16 20:11:40.483457+00
142d938a-6658-44d1-a096-ebf5d0690ca5,turbine-09,2026-03-16 20:11:41.456617+00,CRITICAL,unplanned_downtime,"CRITICAL: Unplanned downtime — RPM=0.00, power=0 kW while wind=8.8 m/s",rotor_rpm,0,0.1,76f19013-7a61-4835-bc5e-c95bcf8b33e2,2026-03-16 20:11:41.482168+00
e4f69ad7-9d63-44aa-a553-8e683f4eefd6,turbine-05,2026-03-16 20:11:41.456617+00,WARNING,vibration_warning,Vibration 9.33 mm/s RMS exceeds warning threshold 6.0 mm/s,vibration_mms,9.331,6,5705d536-6fb0-4217-b1d3-ed02afc3d08c,2026-03-16 20:11:41.483871+00
06f3dd4e-1ff1-4869-b61c-d872d2b0b650,turbine-05,2026-03-16 20:11:41.456617+00,CRITICAL,vibration_critical,CRITICAL: Vibration 9.33 mm/s — imminent mechanical failure risk,vibration_mms,9.331,9,5705d536-6fb0-4217-b1d3-ed02afc3d08c,2026-03-16 20:11:41.483981+00
b09194b6-a5bc-4eaa-b0fa-74538f464c3d,turbine-09,2026-03-16 20:11:42.456738+00,CRITICAL,unplanned_downtime,"CRITICAL: Unplanned downtime — RPM=0.00, power=0 kW while wind=13.9 m/s",rotor_rpm,0,0.1,42e13347-f11c-4a7a-9d53-aa6a14bdeac2,2026-03-16 20:11:42.47666+00
2d7ff28d-85ce-4bd0-ba3a-a9b525eaebce,turbine-05,2026-03-16 20:11:42.456738+00,WARNING,vibration_warning,Vibration 8.50 mm/s RMS exceeds warning threshold 6.0 mm/s,vibration_mms,8.501,6,4c50b601-3a33-4ac2-b432-743d30936622,2026-03-16 20:11:42.47791+00
c8f8411d-4d6e-4c47-a4a1-66743ae8f6cb,turbine-09,2026-03-16 20:11:43.457182+00,CRITICAL,unplanned_downtime,"CRITICAL: Unplanned downtime — RPM=0.00, power=0 kW while wind=11.7 m/s",rotor_rpm,0,0.1,f7cd72bc-ddc4-41c2-8c19-421fe140ec0a,2026-03-16 20:11:43.478963+00
46093323-9f68-45b9-af4b-b60f404a16ea,turbine-05,2026-03-16 20:11:43.457182+00,WARNING,vibration_warning,Vibration 10.07 mm/s RMS exceeds warning threshold 6.0 mm/s,vibration_mms,10.074,6,e0c06c15-68a3-4183-9cfb-b1b506c936f5,2026-03-16 20:11:43.480344+00
d7674d98-efb9-45a7-ad4e-b4c6ec2f5124,turbine-05,2026-03-16 20:11:43.457182+00,CRITICAL,vibration_critical,CRITICAL: Vibration 10.07 mm/s — imminent mechanical failure risk,vibration_mms,10.074,9,e0c06c15-68a3-4183-9cfb-b1b506c936f5,2026-03-16 20:11:43.480435+00
67c872e6-fc37-457f-8904-d47a9c00a640,turbine-09,2026-03-16 20:11:44.457011+00,CRITICAL,unplanned_downtime,"CRITICAL: Unplanned downtime — RPM=0.00, power=0 kW while wind=10.8 m/s",rotor_rpm,0,0.1,8c0183f3-ea2c-4061-96fa-570edcf30788,2026-03-16 20:11:44.483496+00
97169850-cce8-4b48-8940-721b627111c8,turbine-05,2026-03-16 20:11:44.457011+00,WARNING,vibration_warning,Vibration 8.39 mm/s RMS exceeds warning threshold 6.0 mm/s,vibration_mms,8.392,6,e126fb7e-4be2-41b7-ab78-094695fea0cf,2026-03-16 20:11:44.48644+00
f2a5cb59-dd41-4ea7-8363-1a16a8d2271a,turbine-09,2026-03-16 20:11:45.457198+00,CRITICAL,unplanned_downtime,"CRITICAL: Unplanned downtime — RPM=0.00, power=0 kW while wind=11.2 m/s",rotor_rpm,0,0.1,0947fc06-3469-4b7b-8438-c0ae4eb68481,2026-03-16 20:11:45.474589+00
71f09c8c-fe46-48ef-9517-d1a753088b74,turbine-05,2026-03-16 20:11:45.457198+00,WARNING,vibration_warning,Vibration 10.44 mm/s RMS exceeds warning threshold 6.0 mm/s,vibration_mms,10.439,6,7eaf7e26-4900-4e1a-9883-06e9c374426f,2026-03-16 20:11:45.498741+00
2819c190-c2d5-49ce-aba6-90d58b990bf1,turbine-05,2026-03-16 20:11:45.457198+00,CRITICAL,vibration_critical,CRITICAL: Vibration 10.44 mm/s — imminent mechanical failure risk,vibration_mms,10.439,9,7eaf7e26-4900-4e1a-9883-06e9c374426f,2026-03-16 20:11:45.498837+00
9af60e5f-56ec-4bf0-82b4-3a9077ca6a68,turbine-09,2026-03-16 20:11:46.45766+00,CRITICAL,unplanned_downtime,"CRITICAL: Unplanned downtime — RPM=0.00, power=0 kW while wind=11.3 m/s",rotor_rpm,0,0.1,27afe7b1-f565-48f0-92dd-0fe8ec155b01,2026-03-16 20:11:46.491786+00
de1399b4-faa4-47a5-98ff-d6408ce37335,turbine-05,2026-03-16 20:11:46.45766+00,WARNING,vibration_warning,Vibration 8.13 mm/s RMS exceeds warning threshold 6.0 mm/s,vibration_mms,8.132,6,a151cfb8-c575-4681-901a-c2e2bf38712a,2026-03-16 20:11:46.492954+00
b2472e42-7308-47ff-affe-7437a316a560,turbine-05,2026-03-16 20:11:47.454624+00,WARNING,vibration_warning,Vibration 10.88 mm/s RMS exceeds warning threshold 6.0 mm/s,vibration_mms,10.878,6,4e5286a0-1900-42bd-a6fa-deb6a94332f3,2026-03-16 20:11:47.466018+00
a7803707-eb25-4000-bcbf-fc3f34cc4ef2,turbine-05,2026-03-16 20:11:47.454624+00,CRITICAL,vibration_critical,CRITICAL: Vibration 10.88 mm/s — imminent mechanical failure risk,vibration_mms,10.878,9,4e5286a0-1900-42bd-a6fa-deb6a94332f3,2026-03-16 20:11:47.46621+00
2ba1764a-4071-431f-a25d-3a078c3626ab,turbine-09,2026-03-16 20:11:47.454624+00,CRITICAL,unplanned_downtime,"CRITICAL: Unplanned downtime — RPM=0.00, power=0 kW while wind=12.1 m/s",rotor_rpm,0,0.1,c48bc8e2-823b-45cc-8593-32f1251c9630,2026-03-16 20:11:47.488909+00
9660f629-762c-4cf1-97d1-bc8c83552923,turbine-09,2026-03-16 20:11:48.454915+00,CRITICAL,unplanned_downtime,"CRITICAL: Unplanned downtime — RPM=0.00, power=0 kW while wind=14.8 m/s",rotor_rpm,0,0.1,eedfe7db-927d-4b74-9692-9e8e268d2651,2026-03-16 20:11:48.494485+00
cc2c0d67-b8ed-48f9-b2a8-0fe4a8085d54,turbine-05,2026-03-16 20:11:48.454915+00,WARNING,vibration_warning,Vibration 8.35 mm/s RMS exceeds warning threshold 6.0 mm/s,vibration_mms,8.349,6,232786a7-8b43-4202-a0cb-96f8fcb1766c,2026-03-16 20:11:48.496811+00
b7964104-8d49-4f6e-abfb-ab48e066dd0f,turbine-09,2026-03-16 20:11:49.455071+00,CRITICAL,unplanned_downtime,"CRITICAL: Unplanned downtime — RPM=0.00, power=0 kW while wind=12.2 m/s",rotor_rpm,0,0.1,99c15106-9983-4ffe-90b5-b3e101fb877e,2026-03-16 20:11:49.480732+00
5e9953bd-995d-423b-9c7d-9b1f5d2b8b51,turbine-05,2026-03-16 20:11:49.455071+00,WARNING,vibration_warning,Vibration 7.00 mm/s RMS exceeds warning threshold 6.0 mm/s,vibration_mms,7.002,6,dfdf560f-d6e3-485a-8659-661233cc8a6d,2026-03-16 20:11:49.482057+00
637b42d5-4cda-4160-87f0-ac1e7eb5e007,turbine-09,2026-03-16 20:11:50.455243+00,WARNING,low_power_output,Low power 48 kW at wind speed 11.5 m/s — possible curtailment or underperformance,power_output_kw,47.8,50,4c1d2eaf-c2b4-4be8-af8e-6d277b0e3be8,2026-03-16 20:11:50.550167+00
76bdd8e7-32d8-4cb6-a6d5-74ba4a28b957,turbine-05,2026-03-16 20:11:50.455243+00,WARNING,vibration_warning,Vibration 10.56 mm/s RMS exceeds warning threshold 6.0 mm/s,vibration_mms,10.562,6,35fa8cf9-c2f9-4da7-b5c7-919efe994657,2026-03-16 20:11:50.553489+00
c7702a1d-efee-46c7-b7e6-ee05eb40c226,turbine-05,2026-03-16 20:11:50.455243+00,CRITICAL,vibration_critical,CRITICAL: Vibration 10.56 mm/s — imminent mechanical failure risk,vibration_mms,10.562,9,35fa8cf9-c2f9-4da7-b5c7-919efe994657,2026-03-16 20:11:50.553592+00
3de909c2-4169-4571-b55f-27c41f4f0e23,turbine-10,2026-03-16 20:11:53.456522+00,CRITICAL,unplanned_downtime,"CRITICAL: Unplanned downtime — RPM=0.00, power=0 kW while wind=13.2 m/s",rotor_rpm,0,0.1,8136be3e-4031-477c-a29d-f54b2e5ab0ef,2026-03-16 20:11:53.47241+00
76b49bfe-c5b4-43cf-a023-0a05ada05494,turbine-10,2026-03-16 20:11:54.456841+00,CRITICAL,unplanned_downtime,"CRITICAL: Unplanned downtime — RPM=0.00, power=0 kW while wind=11.8 m/s",rotor_rpm,0,0.1,eea1e6e7-01d5-49e5-8c32-cecabe222857,2026-03-16 20:11:54.498029+00
2781f4e2-b9b5-42bc-934a-7620cd74d7c2,turbine-04,2026-03-16 20:11:55.456955+00,WARNING,nacelle_temp_warning,Nacelle temperature 87.6°C exceeds warning threshold 85.0°C,temperature_c,87.6,85,78845d28-94ff-45b3-a5ae-2f7a189d672d,2026-03-16 20:11:55.48296+00
c50a65a9-c274-4867-bd6c-3e74daa2d87e,turbine-10,2026-03-16 20:11:55.456955+00,CRITICAL,unplanned_downtime,"CRITICAL: Unplanned downtime — RPM=0.00, power=0 kW while wind=8.5 m/s",rotor_rpm,0,0.1,9a1e7c07-2093-4911-a15d-2ec177160837,2026-03-16 20:11:55.484557+00
aadbfffc-5941-4628-ab8d-395708ace60b,turbine-04,2026-03-16 20:11:56.457478+00,WARNING,nacelle_temp_warning,Nacelle temperature 91.9°C exceeds warning threshold 85.0°C,temperature_c,91.9,85,a6371750-aded-4121-8071-c785081dab7d,2026-03-16 20:11:56.478699+00
9a02e2f0-1079-46ca-887e-e5fb978c8c5f,turbine-10,2026-03-16 20:11:56.457478+00,CRITICAL,unplanned_downtime,"CRITICAL: Unplanned downtime — RPM=0.00, power=0 kW while wind=14.6 m/s",rotor_rpm,0,0.1,06075911-7fa4-46e9-8904-31da60b6bfff,2026-03-16 20:11:56.482601+00
162b0f1b-cbcc-48d9-8b8f-04702595bb9b,turbine-08,2026-03-16 20:11:57.457581+00,WARNING,nacelle_temp_warning,Nacelle temperature 85.7°C exceeds warning threshold 85.0°C,temperature_c,85.7,85,028bb406-6126-4342-9e0b-03181a439f19,2026-03-16 20:11:57.47393+00
bf0a4a4e-46ab-4c9d-94fb-a541ffa8f6b2,turbine-04,2026-03-16 20:11:57.457581+00,WARNING,nacelle_temp_warning,Nacelle temperature 96.0°C exceeds warning threshold 85.0°C,temperature_c,96,85,f48edf94-216f-4fd0-9ab6-9e186e19527e,2026-03-16 20:11:57.476512+00
e700af25-4b70-4ca4-9c22-054ecb289468,turbine-04,2026-03-16 20:11:57.457581+00,CRITICAL,nacelle_temp_critical,CRITICAL: Nacelle temperature 96.0°C — emergency shutdown risk,temperature_c,96,95,f48edf94-216f-4fd0-9ab6-9e186e19527e,2026-03-16 20:11:57.476605+00
f1d218d4-049d-4045-9c80-d024013bd1a7,turbine-10,2026-03-16 20:11:57.457581+00,CRITICAL,unplanned_downtime,"CRITICAL: Unplanned downtime — RPM=0.00, power=0 kW while wind=12.3 m/s",rotor_rpm,0,0.1,59f31ecf-89da-40b0-b82e-a56cea0972cf,2026-03-16 20:11:57.477983+00
aa01a106-b29f-4c93-84aa-52c7cb463d9e,turbine-08,2026-03-16 20:11:58.458065+00,WARNING,nacelle_temp_warning,Nacelle temperature 90.0°C exceeds warning threshold 85.0°C,temperature_c,90,85,1f651d4b-91a7-4e10-aa6b-481dc3198332,2026-03-16 20:11:58.484274+00
e8df56dd-f297-4f73-a833-470eedfd674a,turbine-04,2026-03-16 20:11:58.458065+00,WARNING,nacelle_temp_warning,Nacelle temperature 99.8°C exceeds warning threshold 85.0°C,temperature_c,99.8,85,9d36d721-06d9-48d4-87d9-ce691299ccf4,2026-03-16 20:11:58.494359+00
433e040f-b9fc-4187-8746-447b743bed0f,turbine-04,2026-03-16 20:11:58.458065+00,CRITICAL,nacelle_temp_critical,CRITICAL: Nacelle temperature 99.8°C — emergency shutdown risk,temperature_c,99.8,95,9d36d721-06d9-48d4-87d9-ce691299ccf4,2026-03-16 20:11:58.49462+00
c3e37dff-dd8e-495e-a2c1-31acbecbe16a,turbine-10,2026-03-16 20:11:58.458065+00,CRITICAL,unplanned_downtime,"CRITICAL: Unplanned downtime — RPM=0.00, power=0 kW while wind=12.3 m/s",rotor_rpm,0,0.1,e2b8745d-92ec-40e7-b791-061949807782,2026-03-16 20:11:58.499544+00
66d4dbbc-81df-41eb-84e2-7164016e319c,turbine-08,2026-03-16 20:11:59.458296+00,WARNING,nacelle_temp_warning,Nacelle temperature 93.8°C exceeds warning threshold 85.0°C,temperature_c,93.8,85,c437028e-05aa-4e85-8eb2-b647cee5f787,2026-03-16 20:11:59.47705+00
7075e6f5-a80d-4c10-be7d-cfe132f350c2,turbine-04,2026-03-16 20:11:59.458296+00,WARNING,nacelle_temp_warning,Nacelle temperature 102.3°C exceeds warning threshold 85.0°C,temperature_c,102.3,85,b1131964-56bb-4168-ba90-ab64d6ee4fa6,2026-03-16 20:11:59.479262+00
0cfa4a64-39c4-4cb5-85b7-82154588a2ed,turbine-04,2026-03-16 20:11:59.458296+00,CRITICAL,nacelle_temp_critical,CRITICAL: Nacelle temperature 102.3°C — emergency shutdown risk,temperature_c,102.3,95,b1131964-56bb-4168-ba90-ab64d6ee4fa6,2026-03-16 20:11:59.479422+00
3199034a-bce9-4dc0-a687-9d24f59211d5,turbine-10,2026-03-16 20:11:59.458296+00,CRITICAL,unplanned_downtime,"CRITICAL: Unplanned downtime — RPM=0.00, power=0 kW while wind=8.2 m/s",rotor_rpm,0,0.1,dc13cd2c-e7f3-4914-886a-0cff37b5e1f0,2026-03-16 20:11:59.481464+00
9402af44-4e27-4463-9727-9dcdb930b256,turbine-08,2026-03-16 20:12:00.458764+00,WARNING,nacelle_temp_warning,Nacelle temperature 97.4°C exceeds warning threshold 85.0°C,temperature_c,97.4,85,9ab7fb0b-cb00-4b52-9ce0-576ee9d11e7a,2026-03-16 20:12:00.491435+00
1d81101d-e24a-4d4d-9d77-286599a2732e,turbine-08,2026-03-16 20:12:00.458764+00,CRITICAL,nacelle_temp_critical,CRITICAL: Nacelle temperature 97.4°C — emergency shutdown risk,temperature_c,97.4,95,9ab7fb0b-cb00-4b52-9ce0-576ee9d11e7a,2026-03-16 20:12:00.491573+00
7b27839e-b619-441b-8348-3be398726154,turbine-04,2026-03-16 20:12:00.458764+00,WARNING,nacelle_temp_warning,Nacelle temperature 105.3°C exceeds warning threshold 85.0°C,temperature_c,105.3,85,28592fc8-78b7-4543-99a1-a3d30043f248,2026-03-16 20:12:00.494926+00
086a8da6-0895-4b75-890d-78df78b26dd2,turbine-04,2026-03-16 20:12:00.458764+00,CRITICAL,nacelle_temp_critical,CRITICAL: Nacelle temperature 105.3°C — emergency shutdown risk,temperature_c,105.3,95,28592fc8-78b7-4543-99a1-a3d30043f248,2026-03-16 20:12:00.495047+00
906ac79f-42bd-41d4-bbcf-7a4e27db60f1,turbine-10,2026-03-16 20:12:00.458764+00,CRITICAL,unplanned_downtime,"CRITICAL: Unplanned downtime — RPM=0.00, power=0 kW while wind=9.4 m/s",rotor_rpm,0,0.1,e703a575-502c-4450-a5c4-47d716b6c28c,2026-03-16 20:12:00.497561+00
fd659ab9-65e7-4c39-8973-682079b41fcd,turbine-08,2026-03-16 20:12:01.459028+00,WARNING,nacelle_temp_warning,Nacelle temperature 100.3°C exceeds warning threshold 85.0°C,temperature_c,100.3,85,d539a542-4c31-4c2a-b3bc-72cd936da575,2026-03-16 20:12:01.483712+00
46dea3e4-11a4-4b24-b6e8-62705c4b4474,turbine-08,2026-03-16 20:12:01.459028+00,CRITICAL,nacelle_temp_critical,CRITICAL: Nacelle temperature 100.3°C — emergency shutdown risk,temperature_c,100.3,95,d539a542-4c31-4c2a-b3bc-72cd936da575,2026-03-16 20:12:01.483881+00
804fc650-92af-4b57-ac71-d56051f039cc,turbine-04,2026-03-16 20:12:01.459028+00,WARNING,nacelle_temp_warning,Nacelle temperature 108.0°C exceeds warning threshold 85.0°C,temperature_c,108,85,7c3ac572-eddf-4874-9b66-3b498c3794a5,2026-03-16 20:12:01.489497+00
8d5de734-f945-4aaf-9b2c-3255366bb61e,turbine-04,2026-03-16 20:12:01.459028+00,CRITICAL,nacelle_temp_critical,CRITICAL: Nacelle temperature 108.0°C — emergency shutdown risk,temperature_c,108,95,7c3ac572-eddf-4874-9b66-3b498c3794a5,2026-03-16 20:12:01.489625+00
4830b27f-6bcb-43b8-aa76-ba16b6abd0e0,turbine-10,2026-03-16 20:12:01.459028+00,CRITICAL,unplanned_downtime,"CRITICAL: Unplanned downtime — RPM=0.00, power=0 kW while wind=10.2 m/s",rotor_rpm,0,0.1,8b89f7c7-1cae-4126-9222-f683e49e6045,2026-03-16 20:12:01.492832+00
ad6f7155-eb0f-4f6f-afa3-1b1eda01cd3d,turbine-04,2026-03-16 20:12:02.459249+00,WARNING,nacelle_temp_warning,Nacelle temperature 110.5°C exceeds warning threshold 85.0°C,temperature_c,110.5,85,2e3177e0-de9d-43e5-a252-1b1fad6eea08,2026-03-16 20:12:02.469551+00
b45e4792-b72b-47a0-ae74-429137da2306,turbine-04,2026-03-16 20:12:02.459249+00,CRITICAL,nacelle_temp_critical,CRITICAL: Nacelle temperature 110.5°C — emergency shutdown risk,temperature_c,110.5,95,2e3177e0-de9d-43e5-a252-1b1fad6eea08,2026-03-16 20:12:02.469747+00
f53e6289-c229-4e66-98bc-dbf8bfb36852,turbine-10,2026-03-16 20:12:02.459249+00,CRITICAL,unplanned_downtime,"CRITICAL: Unplanned downtime — RPM=0.00, power=0 kW while wind=9.3 m/s",rotor_rpm,0,0.1,63fc6eb8-318a-4409-adec-38a282ef6f4d,2026-03-16 20:12:02.48891+00
979c4ef6-93b9-4f90-9842-6601054941ce,turbine-08,2026-03-16 20:12:02.459249+00,WARNING,nacelle_temp_warning,Nacelle temperature 103.0°C exceeds warning threshold 85.0°C,temperature_c,103,85,d6ceaab8-e2c1-44be-bdbe-43283585f0ac,2026-03-16 20:12:02.502747+00
40efe911-43d2-45a0-81c6-c5276d25d075,turbine-08,2026-03-16 20:12:02.459249+00,CRITICAL,nacelle_temp_critical,CRITICAL: Nacelle temperature 103.0°C — emergency shutdown risk,temperature_c,103,95,d6ceaab8-e2c1-44be-bdbe-43283585f0ac,2026-03-16 20:12:02.502851+00
68ae5257-885d-4617-9c1a-3fb0939d0a26,turbine-08,2026-03-16 20:12:03.4597+00,WARNING,nacelle_temp_warning,Nacelle temperature 105.9°C exceeds warning threshold 85.0°C,temperature_c,105.9,85,98a48387-67e8-4dad-8858-0ca75cd05223,2026-03-16 20:12:03.490472+00
b9614d4d-3004-416a-a294-fd340a4e13fe,turbine-08,2026-03-16 20:12:03.4597+00,CRITICAL,nacelle_temp_critical,CRITICAL: Nacelle temperature 105.9°C — emergency shutdown risk,temperature_c,105.9,95,98a48387-67e8-4dad-8858-0ca75cd05223,2026-03-16 20:12:03.490611+00
e54ce6c6-920f-441c-bdb6-89375f43e194,turbine-04,2026-03-16 20:12:03.4597+00,WARNING,nacelle_temp_warning,Nacelle temperature 112.2°C exceeds warning threshold 85.0°C,temperature_c,112.2,85,53365b14-84a2-4671-a7d8-328070c304e8,2026-03-16 20:12:03.492116+00
